Execution,Algorithm,Workflow,Hosts,Best ENERGY,Mean ENERGY,Min ENERGY,Max ENERGY,Best MAKESPAN,Mean MAKESPAN,Min MAKESPAN,Max MAKESPAN
1000genome-chameleon-2ch-250k-001-hosts-2-multi-energy-mono,multi-energy-mono,1000genome-chameleon-2ch-250k-001,2,1554593.581174,1554621.857400,1554593.581174,1554658.669473,2703.656774,2703.711856,2703.656774,2703.771542
1000genome-chameleon-2ch-250k-001-hosts-4-multi-energy-mono,multi-energy-mono,1000genome-chameleon-2ch-250k-001,4,1553431.454634,1563522.913701,1553431.454634,1579500.725181,1365.952801,1386.621482,1365.952801,1405.741644
1000genome-chameleon-2ch-250k-001-hosts-8-multi-energy-mono,multi-energy-mono,1000genome-chameleon-2ch-250k-001,8,1564856.337897,1596578.216890,1564856.337897,1637089.049784,743.250204,781.107481,743.250204,814.988733
1000genome-chameleon-2ch-250k-001-hosts-16-multi-energy-mono,multi-energy-mono,1000genome-chameleon-2ch-250k-001,16,1648056.750751,1688963.099901,1648056.750751,1728306.480483,475.973447,489.259319,475.973447,505.135547
1000genome-chameleon-4ch-250k-001-hosts-2-multi-energy-mono,multi-energy-mono,1000genome-chameleon-4ch-250k-001,2,4116369.570929,4117351.816828,4116369.570929,4118018.795692,7159.276830,7160.845848,7159.276830,7162.120127
1000genome-chameleon-4ch-250k-001-hosts-4-multi-energy-mono,multi-energy-mono,1000genome-chameleon-4ch-250k-001,4,3938064.540318,4104688.787394,3938064.540318,4130757.658421,3591.728977,3600.308433,3591.728977,3606.109180
1000genome-chameleon-4ch-250k-001-hosts-8-multi-energy-mono,multi-energy-mono,1000genome-chameleon-4ch-250k-001,8,4114174.661196,4141162.817912,4114174.661196,4181719.359720,1838.719344,1870.866370,1838.719344,1899.596481
1000genome-chameleon-4ch-250k-001-hosts-16-multi-energy-mono,multi-energy-mono,1000genome-chameleon-4ch-250k-001,16,4125397.216925,4208752.785239,4125397.216925,4290249.149874,1001.649770,1020.871522,1001.649770,1046.025417
1000genome-chameleon-12ch-250k-001-hosts-2-multi-energy-mono,multi-energy-mono,1000genome-chameleon-12ch-250k-001,2,9837473.325004,9838673.639647,9837473.325004,9839975.116474,17109.073578,17110.882136,17109.073578,17113.044689
1000genome-chameleon-12ch-250k-001-hosts-4-multi-energy-mono,multi-energy-mono,1000genome-chameleon-12ch-250k-001,4,9602723.559402,9799186.952941,9602723.559402,9854835.195215,8564.288232,8578.787475,8564.288232,8590.147908
1000genome-chameleon-12ch-250k-001-hosts-8-multi-energy-mono,multi-energy-mono,1000genome-chameleon-12ch-250k-001,8,9832092.027487,9861818.368508,9832092.027487,9890523.648700,4320.210825,4343.206936,4320.210825,4362.710993
1000genome-chameleon-12ch-250k-001-hosts-16-multi-energy-mono,multi-energy-mono,1000genome-chameleon-12ch-250k-001,16,9816176.107567,9859817.007395,9816176.107567,9921911.173777,2194.773393,2226.889649,2194.773393,2250.598095
1000genome-chameleon-18ch-250k-001-hosts-2-multi-energy-mono,multi-energy-mono,1000genome-chameleon-18ch-250k-001,2,14915666.055175,14916963.488713,14915666.055175,14918550.160898,25940.418336,25942.935067,25940.418336,25947.096516
1000genome-chameleon-18ch-250k-001-hosts-4-multi-energy-mono,multi-energy-mono,1000genome-chameleon-18ch-250k-001,4,14284184.578572,14723550.194423,14284184.578572,14921849.575653,12974.964655,12991.105376,12974.964655,13010.004040
1000genome-chameleon-18ch-250k-001-hosts-8-multi-energy-mono,multi-energy-mono,1000genome-chameleon-18ch-250k-001,8,14445509.168957,14802627.560128,14445509.168957,14952720.225488,6534.752280,6549.494234,6534.752280,6556.727610
1000genome-chameleon-18ch-250k-001-hosts-16-multi-energy-mono,multi-energy-mono,1000genome-chameleon-18ch-250k-001,16,14799253.922324,14913149.238522,14799253.922324,14982846.361236,3298.624538,3336.356137,3298.624538,3386.407957
cycles-chameleon-1l-1c-9p-001-hosts-2-multi-energy-mono,multi-energy-mono,cycles-chameleon-1l-1c-9p-001,2,281735.817777,287391.428924,281735.817777,289060.363324,502.659328,502.693673,502.659328,502.741797
cycles-chameleon-1l-1c-9p-001-hosts-4-multi-energy-mono,multi-energy-mono,cycles-chameleon-1l-1c-9p-001,4,281479.304111,286778.404285,281479.304111,288015.680712,288.623081,289.230046,288.623081,290.141902
cycles-chameleon-1l-1c-9p-001-hosts-8-multi-energy-mono,multi-energy-mono,cycles-chameleon-1l-1c-9p-001,8,298809.974423,303345.271865,298809.974423,305200.899959,195.637522,197.219045,195.637522,199.490021
cycles-chameleon-1l-1c-9p-001-hosts-16-multi-energy-mono,multi-energy-mono,cycles-chameleon-1l-1c-9p-001,16,373463.215548,384670.538984,373463.215548,390734.312087,169.446672,170.800621,169.446672,172.788090
cycles-chameleon-2l-1c-9p-001-hosts-2-multi-energy-mono,multi-energy-mono,cycles-chameleon-2l-1c-9p-001,2,1206622.775185,1225717.996429,1206622.775185,1227916.823914,2135.351703,2135.411511,2135.351703,2135.603569
cycles-chameleon-2l-1c-9p-001-hosts-4-multi-energy-mono,multi-energy-mono,cycles-chameleon-2l-1c-9p-001,4,1215250.934059,1225809.491681,1215250.934059,1232055.298827,1093.230486,1103.392074,1093.230486,1108.398377
cycles-chameleon-2l-1c-9p-001-hosts-8-multi-energy-mono,multi-energy-mono,cycles-chameleon-2l-1c-9p-001,8,1221950.645775,1228095.547851,1221950.645775,1237657.407257,595.798079,599.272657,595.798079,603.848795
cycles-chameleon-2l-1c-9p-001-hosts-16-multi-energy-mono,multi-energy-mono,cycles-chameleon-2l-1c-9p-001,16,1230082.157405,1238736.700236,1230082.157405,1243694.460267,347.654851,350.464631,347.654851,353.477694
cycles-chameleon-2l-1c-12p-001-hosts-2-multi-energy-mono,multi-energy-mono,cycles-chameleon-2l-1c-12p-001,2,2721262.904067,2767057.329485,2721262.904067,2782412.464515,4838.887100,4838.982958,4838.887100,4839.127893
cycles-chameleon-2l-1c-12p-001-hosts-4-multi-energy-mono,multi-energy-mono,cycles-chameleon-2l-1c-12p-001,4,2775862.195045,2779492.030714,2775862.195045,2780396.306126,2469.068112,2470.190835,2469.068112,2470.992576
cycles-chameleon-2l-1c-12p-001-hosts-8-multi-energy-mono,multi-energy-mono,cycles-chameleon-2l-1c-12p-001,8,2774525.677220,2776585.143269,2774525.677220,2778033.433735,1286.346388,1287.949301,1286.346388,1290.140550
cycles-chameleon-2l-1c-12p-001-hosts-16-multi-energy-mono,multi-energy-mono,cycles-chameleon-2l-1c-12p-001,16,2765428.380791,2777100.275846,2765428.380791,2787908.285915,699.448599,700.940407,699.448599,703.917149
cycles-chameleon-5l-1c-12p-001-hosts-2-multi-energy-mono,multi-energy-mono,cycles-chameleon-5l-1c-12p-001,2,5262163.783845,5300179.132413,5262163.783845,5312487.609899,9239.002727,9239.069328,9239.002727,9239.154676
cycles-chameleon-5l-1c-12p-001-hosts-4-multi-energy-mono,multi-energy-mono,cycles-chameleon-5l-1c-12p-001,4,5307451.517960,5307972.285041,5307451.517960,5308803.348098,4710.823384,4712.099603,4710.823384,4713.821226
cycles-chameleon-5l-1c-12p-001-hosts-8-multi-energy-mono,multi-energy-mono,cycles-chameleon-5l-1c-12p-001,8,5297745.702147,5302924.588338,5297745.702147,5308362.697310,2450.066893,2454.027449,2450.066893,2456.214008
cycles-chameleon-5l-1c-12p-001-hosts-16-multi-energy-mono,multi-energy-mono,cycles-chameleon-5l-1c-12p-001,16,5292646.794226,5303837.431758,5292646.794226,5316888.052785,1331.127395,1335.356374,1331.127395,1339.358217
epigenomics-chameleon-hep-1seq-100k-001-hosts-2-multi-energy-mono,multi-energy-mono,epigenomics-chameleon-hep-1seq-100k-001,2,182700.118526,186763.958769,182700.118526,188112.727351,333.911867,336.979019,333.911867,345.973503
epigenomics-chameleon-hep-1seq-100k-001-hosts-4-multi-energy-mono,multi-energy-mono,epigenomics-chameleon-hep-1seq-100k-001,4,188571.405071,192056.900467,188571.405071,196569.182336,200.388924,207.324308,200.388924,215.547942
epigenomics-chameleon-hep-1seq-100k-001-hosts-8-multi-energy-mono,multi-energy-mono,epigenomics-chameleon-hep-1seq-100k-001,8,206994.264687,219869.287618,206994.264687,222837.573720,140.004555,152.600171,140.004555,166.084119
epigenomics-chameleon-hep-1seq-100k-001-hosts-16-multi-energy-mono,multi-energy-mono,epigenomics-chameleon-hep-1seq-100k-001,16,216292.190429,228193.482825,216292.190429,244615.048723,122.260697,122.260697,122.260697,122.260697
epigenomics-chameleon-hep-6seq-100k-001-hosts-2-multi-energy-mono,multi-energy-mono,epigenomics-chameleon-hep-6seq-100k-001,2,4434848.523949,4439488.650476,4434848.523949,4447991.476401,7749.901793,7765.610899,7749.901793,7774.579290
epigenomics-chameleon-hep-6seq-100k-001-hosts-4-multi-energy-mono,multi-energy-mono,epigenomics-chameleon-hep-6seq-100k-001,4,4448717.238116,4453934.133004,4448717.238116,4461995.655861,3951.675262,3968.812013,3951.675262,3983.654681
epigenomics-chameleon-hep-6seq-100k-001-hosts-8-multi-energy-mono,multi-energy-mono,epigenomics-chameleon-hep-6seq-100k-001,8,4458202.419674,4518831.380543,4458202.419674,4603778.358335,2099.351720,2214.623749,2099.351720,2319.293399
epigenomics-chameleon-hep-6seq-100k-001-hosts-16-multi-energy-mono,multi-energy-mono,epigenomics-chameleon-hep-6seq-100k-001,16,4557303.877958,4643152.658220,4557303.877958,4710312.231420,1204.042031,1248.326798,1204.042031,1287.441943
epigenomics-chameleon-ilmn-1seq-100k-001-hosts-2-multi-energy-mono,multi-energy-mono,epigenomics-chameleon-ilmn-1seq-100k-001,2,865517.590509,870328.893696,865517.590509,872469.532577,1528.938763,1533.947597,1528.938763,1544.698899
epigenomics-chameleon-ilmn-1seq-100k-001-hosts-4-multi-energy-mono,multi-energy-mono,epigenomics-chameleon-ilmn-1seq-100k-001,4,874686.256641,878497.424409,874686.256641,884771.234433,795.794058,809.907443,795.794058,819.355408
epigenomics-chameleon-ilmn-1seq-100k-001-hosts-8-multi-energy-mono,multi-energy-mono,epigenomics-chameleon-ilmn-1seq-100k-001,8,892136.366426,905167.510984,892136.366426,918460.008291,451.890459,460.744953,451.890459,468.699791
epigenomics-chameleon-ilmn-1seq-100k-001-hosts-16-multi-energy-mono,multi-energy-mono,epigenomics-chameleon-ilmn-1seq-100k-001,16,942554.282175,950637.069378,942554.282175,962462.159565,283.706641,287.956705,283.706641,294.127076
epigenomics-chameleon-ilmn-6seq-100k-001-hosts-2-multi-energy-mono,multi-energy-mono,epigenomics-chameleon-ilmn-6seq-100k-001,2,3885029.656700,3914233.507219,3885029.656700,3930737.778551,6848.086192,6873.294522,6848.086192,6886.834861
epigenomics-chameleon-ilmn-6seq-100k-001-hosts-4-multi-energy-mono,multi-energy-mono,epigenomics-chameleon-ilmn-6seq-100k-001,4,3897912.913125,3931122.377054,3897912.913125,3937780.175532,3521.618433,3526.006520,3521.618433,3531.378209
epigenomics-chameleon-ilmn-6seq-100k-001-hosts-8-multi-energy-mono,multi-energy-mono,epigenomics-chameleon-ilmn-6seq-100k-001,8,3972801.316774,3988032.558867,3972801.316774,4002192.919192,1858.105573,1864.655457,1858.105573,1869.577339
epigenomics-chameleon-ilmn-6seq-100k-001-hosts-16-multi-energy-mono,multi-energy-mono,epigenomics-chameleon-ilmn-6seq-100k-001,16,4117502.698138,4151166.654343,4117502.698138,4192679.767782,1070.864635,1101.220434,1070.864635,1156.698629
montage-chameleon-2mass-01d-001-hosts-2-multi-energy-mono,multi-energy-mono,montage-chameleon-2mass-01d-001,2,122950.799001,123134.976893,122950.799001,123259.611737,213.992030,214.296417,213.992030,214.474246
montage-chameleon-2mass-01d-001-hosts-4-multi-energy-mono,multi-energy-mono,montage-chameleon-2mass-01d-001,4,124457.104682,125709.863571,124457.104682,126280.962755,115.675095,116.196519,115.675095,116.813713
montage-chameleon-2mass-01d-001-hosts-8-multi-energy-mono,multi-energy-mono,montage-chameleon-2mass-01d-001,8,131332.416162,131617.256693,131332.416162,132060.708876,67.255728,67.786876,67.255728,68.326162
montage-chameleon-2mass-01d-001-hosts-16-multi-energy-mono,multi-energy-mono,montage-chameleon-2mass-01d-001,16,135384.706981,136141.740700,135384.706981,137273.132527,36.850870,37.078937,36.850870,37.209190
montage-chameleon-2mass-005d-001-hosts-2-multi-energy-mono,multi-energy-mono,montage-chameleon-2mass-005d-001,2,74769.778221,74898.254836,74769.778221,74979.478403,130.114624,130.312417,130.114624,130.450003
montage-chameleon-2mass-005d-001-hosts-4-multi-energy-mono,multi-energy-mono,montage-chameleon-2mass-005d-001,4,78080.072056,78623.245593,78080.072056,79209.774311,70.154810,70.870013,70.154810,71.555835
montage-chameleon-2mass-005d-001-hosts-8-multi-energy-mono,multi-energy-mono,montage-chameleon-2mass-005d-001,8,80543.239893,81243.747972,80543.239893,82567.155425,37.491266,37.843988,37.491266,38.197660
montage-chameleon-2mass-005d-001-hosts-16-multi-energy-mono,multi-energy-mono,montage-chameleon-2mass-005d-001,16,87223.258739,90595.183257,87223.258739,91388.925727,26.554655,26.761513,26.554655,27.081808
montage-chameleon-dss-10d-001-hosts-2-multi-energy-mono,multi-energy-mono,montage-chameleon-dss-10d-001,2,12509992.099715,12514431.226175,12509992.099715,12521874.589719,21757.307522,21768.503962,21757.307522,21790.170380
montage-chameleon-dss-10d-001-hosts-4-multi-energy-mono,multi-energy-mono,montage-chameleon-dss-10d-001,4,12546060.997076,12565472.511725,12546060.997076,12635000.921344,10948.634449,10976.627064,10948.634449,11059.126946
montage-chameleon-dss-10d-001-hosts-8-multi-energy-mono,multi-energy-mono,montage-chameleon-dss-10d-001,8,12579492.328874,12596433.617031,12579492.328874,12660206.661544,5514.040920,5558.224399,5514.040920,5592.398245
montage-chameleon-dss-10d-001-hosts-16-multi-energy-mono,multi-energy-mono,montage-chameleon-dss-10d-001,16,12575833.119582,12634868.222850,12575833.119582,12790238.895927,2986.679301,3024.630779,2986.679301,3068.294845
montage-chameleon-dss-125d-001-hosts-2-multi-energy-mono,multi-energy-mono,montage-chameleon-dss-125d-001,2,12587269.154156,12592741.305919,12587269.154156,12600231.849151,21895.279220,21905.218493,21895.279220,21932.438761
montage-chameleon-dss-125d-001-hosts-4-multi-energy-mono,multi-energy-mono,montage-chameleon-dss-125d-001,4,12655604.346213,12668776.435246,12655604.346213,12708657.076283,11041.211308,11056.757568,11041.211308,11082.603479
montage-chameleon-dss-125d-001-hosts-8-multi-energy-mono,multi-energy-mono,montage-chameleon-dss-125d-001,8,12723989.785482,12739008.703158,12723989.785482,12747540.917559,5580.773627,5593.671639,5580.773627,5611.147654
montage-chameleon-dss-125d-001-hosts-16-multi-energy-mono,multi-energy-mono,montage-chameleon-dss-125d-001,16,12753645.472867,12783089.144837,12753645.472867,12817193.278357,2851.054366,2888.847158,2851.054366,2912.888798
seismology-chameleon-100p-001-hosts-2-multi-energy-mono,multi-energy-mono,seismology-chameleon-100p-001,2,24078.218152,24078.689720,24078.218152,24079.873652,41.889331,41.890971,41.889331,41.893542
seismology-chameleon-100p-001-hosts-4-multi-energy-mono,multi-energy-mono,seismology-chameleon-100p-001,4,24079.199519,24090.016918,24079.199519,24105.246145,20.998903,21.024866,20.998903,21.039550
seismology-chameleon-100p-001-hosts-8-multi-energy-mono,multi-energy-mono,seismology-chameleon-100p-001,8,24121.778589,24133.836376,24121.778589,24150.226807,10.601675,10.628961,10.601675,10.671194
seismology-chameleon-100p-001-hosts-16-multi-energy-mono,multi-energy-mono,seismology-chameleon-100p-001,16,24199.890004,24219.114112,24199.890004,24240.070638,5.375768,5.384519,5.375768,5.389679
seismology-chameleon-500p-001-hosts-2-multi-energy-mono,multi-energy-mono,seismology-chameleon-500p-001,2,96468.913750,96469.684725,96468.913750,96471.153512,167.805767,167.807619,167.805767,167.811973
seismology-chameleon-500p-001-hosts-4-multi-energy-mono,multi-energy-mono,seismology-chameleon-500p-001,4,96113.230164,96419.761427,96113.230164,96500.889444,84.106649,84.116690,84.106649,84.134231
seismology-chameleon-500p-001-hosts-8-multi-energy-mono,multi-energy-mono,seismology-chameleon-500p-001,8,96567.184845,96586.634332,96567.184845,96603.574440,42.214204,42.239405,42.214204,42.257551
seismology-chameleon-500p-001-hosts-16-multi-energy-mono,multi-energy-mono,seismology-chameleon-500p-001,16,96582.934032,96805.445461,96582.934032,96889.105521,21.325556,21.344854,21.325556,21.371773
seismology-chameleon-700p-001-hosts-2-multi-energy-mono,multi-energy-mono,seismology-chameleon-700p-001,2,121096.421251,121097.024682,121096.421251,121098.453284,210.647338,210.648615,210.647338,210.651370
seismology-chameleon-700p-001-hosts-4-multi-energy-mono,multi-energy-mono,seismology-chameleon-700p-001,4,119979.466875,120995.034583,119979.466875,121120.146824,105.582665,105.591805,105.582665,105.608772
seismology-chameleon-700p-001-hosts-8-multi-energy-mono,multi-energy-mono,seismology-chameleon-700p-001,8,121221.127069,121236.107214,121221.127069,121260.371641,53.002831,53.025268,53.002831,53.052019
seismology-chameleon-700p-001-hosts-16-multi-energy-mono,multi-energy-mono,seismology-chameleon-700p-001,16,121451.625255,121513.432419,121451.625255,121604.504090,26.748979,26.779422,26.748979,26.844970
seismology-chameleon-1000p-001-hosts-2-multi-energy-mono,multi-energy-mono,seismology-chameleon-1000p-001,2,180222.541013,180283.427343,180222.541013,180292.917420,313.604668,313.622555,313.604668,313.751000
seismology-chameleon-1000p-001-hosts-4-multi-energy-mono,multi-energy-mono,seismology-chameleon-1000p-001,4,180093.043045,180279.520346,180093.043045,180307.799579,157.148026,157.156105,157.148026,157.165475
seismology-chameleon-1000p-001-hosts-8-multi-energy-mono,multi-energy-mono,seismology-chameleon-1000p-001,8,179956.482598,180419.213161,179956.482598,180505.323155,78.859795,78.877224,78.859795,78.900515
seismology-chameleon-1000p-001-hosts-16-multi-energy-mono,multi-energy-mono,seismology-chameleon-1000p-001,16,180808.180479,180868.258453,180808.180479,180931.845273,39.747504,39.796118,39.747504,39.835916
soykb-chameleon-10fastq-10ch-001-hosts-2-multi-energy-mono,multi-energy-mono,soykb-chameleon-10fastq-10ch-001,2,4079881.846474,4081024.189980,4079881.846474,4082624.220181,7102.028580,7105.192006,7102.028580,7113.461887
soykb-chameleon-10fastq-10ch-001-hosts-4-multi-energy-mono,multi-energy-mono,soykb-chameleon-10fastq-10ch-001,4,4429851.707217,4437105.324509,4429851.707217,4447354.813315,4847.981316,4862.567592,4847.981316,4874.740110
soykb-chameleon-10fastq-10ch-001-hosts-8-multi-energy-mono,multi-energy-mono,soykb-chameleon-10fastq-10ch-001,8,5202552.328919,5214505.465309,5202552.328919,5230731.359706,3767.107484,3773.412280,3767.107484,3778.798792
soykb-chameleon-10fastq-10ch-001-hosts-16-multi-energy-mono,multi-energy-mono,soykb-chameleon-10fastq-10ch-001,16,6626260.946387,6724812.178330,6626260.946387,6756452.276643,3253.148100,3256.962460,3253.148100,3260.643017
soykb-chameleon-10fastq-20ch-001-hosts-2-multi-energy-mono,multi-energy-mono,soykb-chameleon-10fastq-20ch-001,2,8969672.273434,8971740.505244,8969672.273434,8974672.264080,16188.389647,16191.230971,16188.389647,16197.036359
soykb-chameleon-10fastq-20ch-001-hosts-4-multi-energy-mono,multi-energy-mono,soykb-chameleon-10fastq-20ch-001,4,9978266.896825,9997250.591340,9978266.896825,10030085.607583,11819.629258,11846.051149,11819.629258,11881.652303
soykb-chameleon-10fastq-20ch-001-hosts-8-multi-energy-mono,multi-energy-mono,soykb-chameleon-10fastq-20ch-001,8,12076238.988971,12094148.016213,12076238.988971,12124008.601788,9700.153359,9707.916938,9700.153359,9725.122249
soykb-chameleon-10fastq-20ch-001-hosts-16-multi-energy-mono,multi-energy-mono,soykb-chameleon-10fastq-20ch-001,16,16232208.828709,16253342.464635,16232208.828709,16268835.187264,8642.302808,8648.993788,8642.302808,8654.373673
soykb-chameleon-30fastq-10ch-001-hosts-2-multi-energy-mono,multi-energy-mono,soykb-chameleon-30fastq-10ch-001,2,12056445.770325,12058369.198151,12056445.770325,12061058.496235,21360.837714,21366.998677,21360.837714,21378.277978
soykb-chameleon-30fastq-10ch-001-hosts-4-multi-energy-mono,multi-energy-mono,soykb-chameleon-30fastq-10ch-001,4,12974662.814846,12986414.629569,12974662.814846,13006064.489987,14064.870377,14101.187687,14064.870377,14143.194352
soykb-chameleon-30fastq-10ch-001-hosts-8-multi-energy-mono,multi-energy-mono,soykb-chameleon-30fastq-10ch-001,8,14815335.035750,14850085.751716,14815335.035750,14872244.416438,10442.097844,10460.287936,10442.097844,10478.927599
soykb-chameleon-30fastq-10ch-001-hosts-16-multi-energy-mono,multi-energy-mono,soykb-chameleon-30fastq-10ch-001,16,18613296.438258,18653566.633777,18613296.438258,18685284.529318,8642.263215,8657.359032,8642.263215,8667.711097
soykb-chameleon-40fastq-20ch-001-hosts-2-multi-energy-mono,multi-energy-mono,soykb-chameleon-40fastq-20ch-001,2,34736707.804556,34740915.442727,34736707.804556,34749440.934872,63782.217352,63800.333885,63782.217352,63822.257808
soykb-chameleon-40fastq-20ch-001-hosts-4-multi-energy-mono,multi-energy-mono,soykb-chameleon-40fastq-20ch-001,4,39078699.117856,39095927.820988,39078699.117856,39114973.775445,47943.633017,47963.795178,47943.633017,47994.547675
soykb-chameleon-40fastq-20ch-001-hosts-8-multi-energy-mono,multi-energy-mono,soykb-chameleon-40fastq-20ch-001,8,47779027.381113,47825022.067116,47779027.381113,47866213.850245,39984.362145,40030.782772,39984.362145,40071.272176
soykb-chameleon-40fastq-20ch-001-hosts-16-multi-energy-mono,multi-energy-mono,soykb-chameleon-40fastq-20ch-001,16,65202526.780724,65260185.294144,65202526.780724,65308642.957944,36020.729965,36045.744860,36020.729965,36071.176982
srasearch-chameleon-10a-005-hosts-2-multi-energy-mono,multi-energy-mono,srasearch-chameleon-10a-005,2,1834445.962971,2018934.913572,1834445.962971,2046374.352212,3552.270968,3556.965912,3552.270968,3560.522096
srasearch-chameleon-10a-005-hosts-4-multi-energy-mono,multi-energy-mono,srasearch-chameleon-10a-005,4,1883137.542422,2027994.231466,1883137.542422,2060834.162123,1792.235636,1801.655874,1792.235636,1811.983580
srasearch-chameleon-10a-005-hosts-8-multi-energy-mono,multi-energy-mono,srasearch-chameleon-10a-005,8,2050720.900107,2072847.768219,2050720.900107,2093664.340817,978.599879,998.803862,978.599879,1024.836932
srasearch-chameleon-10a-005-hosts-16-multi-energy-mono,multi-energy-mono,srasearch-chameleon-10a-005,16,2512407.780128,2674271.095018,2512407.780128,2817673.422073,861.235326,861.235331,861.235326,861.235333
srasearch-chameleon-20a-003-hosts-2-multi-energy-mono,multi-energy-mono,srasearch-chameleon-20a-003,2,8564703.279582,10403679.182285,8564703.279582,10717407.556462,18627.342932,18636.654051,18627.342932,18646.224136
srasearch-chameleon-20a-003-hosts-4-multi-energy-mono,multi-energy-mono,srasearch-chameleon-20a-003,4,10719847.716607,10733213.370482,10719847.716607,10744321.737013,9336.842769,9351.977858,9336.842769,9380.600083
srasearch-chameleon-20a-003-hosts-8-multi-energy-mono,multi-energy-mono,srasearch-chameleon-20a-003,8,8449115.166689,10578501.933323,8449115.166689,10978782.100122,4934.216286,5026.828936,4934.216286,5251.288232
srasearch-chameleon-20a-003-hosts-16-multi-energy-mono,multi-energy-mono,srasearch-chameleon-20a-003,16,9550879.737760,11328846.824579,9550879.737760,12845137.042611,3962.516406,3962.516408,3962.516406,3962.516410
srasearch-chameleon-40a-003-hosts-2-multi-energy-mono,multi-energy-mono,srasearch-chameleon-40a-003,2,12727492.950589,12738229.798972,12727492.950589,12744830.689340,22143.402846,22156.297037,22143.402846,22166.986347
srasearch-chameleon-40a-003-hosts-4-multi-energy-mono,multi-energy-mono,srasearch-chameleon-40a-003,4,12750836.626964,12761243.704144,12750836.626964,12773165.117553,11098.358232,11106.825245,11098.358232,11118.108741
srasearch-chameleon-40a-003-hosts-8-multi-energy-mono,multi-energy-mono,srasearch-chameleon-40a-003,8,12392391.192230,12729071.689973,12392391.192230,12793899.060221,5556.617008,5562.069953,5556.617008,5575.128012
srasearch-chameleon-40a-003-hosts-16-multi-energy-mono,multi-energy-mono,srasearch-chameleon-40a-003,16,12744128.093502,12793605.241107,12744128.093502,12869952.148476,2823.353144,2889.434633,2823.353144,2999.659725
srasearch-chameleon-50a-003-hosts-2-multi-energy-mono,multi-energy-mono,srasearch-chameleon-50a-003,2,18250741.993951,19348569.273589,18250741.993951,19476693.054010,33858.931514,33867.799997,33858.931514,33875.999061
srasearch-chameleon-50a-003-hosts-4-multi-energy-mono,multi-energy-mono,srasearch-chameleon-50a-003,4,19480104.595567,19504092.441763,19480104.595567,19526197.943352,16953.262198,16974.960062,16953.262198,16995.703372
srasearch-chameleon-50a-003-hosts-8-multi-energy-mono,multi-energy-mono,srasearch-chameleon-50a-003,8,19482889.012297,19514624.606598,19482889.012297,19541347.170819,8498.022171,8504.873668,8498.022171,8525.164864
srasearch-chameleon-50a-003-hosts-16-multi-energy-mono,multi-energy-mono,srasearch-chameleon-50a-003,16,19523776.232347,19568860.209771,19523776.232347,19629397.274744,4272.926591,4331.541634,4272.926591,4425.332553
1000genome-chameleon-2ch-250k-001-hosts-2-multi-makespan-mono,multi-makespan-mono,1000genome-chameleon-2ch-250k-001,2,1553660.274259,1553982.935447,1553660.274259,1554107.140595,2702.028299,2702.587766,2702.028299,2702.795615
1000genome-chameleon-2ch-250k-001-hosts-4-multi-makespan-mono,multi-makespan-mono,1000genome-chameleon-2ch-250k-001,4,1554156.475007,1559190.072073,1554156.475007,1572116.268936,1351.553346,1358.764394,1351.553346,1377.322421
1000genome-chameleon-2ch-250k-001-hosts-8-multi-makespan-mono,multi-makespan-mono,1000genome-chameleon-2ch-250k-001,8,1582314.628243,1593976.399922,1582314.628243,1635906.423360,711.634030,737.550578,711.634030,767.397053
1000genome-chameleon-2ch-250k-001-hosts-16-multi-makespan-mono,multi-makespan-mono,1000genome-chameleon-2ch-250k-001,16,1674626.895773,1689489.906602,1674626.895773,1751468.282769,437.192624,442.108671,437.192624,467.831681
1000genome-chameleon-4ch-250k-001-hosts-2-multi-makespan-mono,multi-makespan-mono,1000genome-chameleon-4ch-250k-001,2,4115019.585564,4115309.971946,4115019.585564,4115492.022784,7156.556803,7157.094976,7156.556803,7157.449162
1000genome-chameleon-4ch-250k-001-hosts-4-multi-makespan-mono,multi-makespan-mono,1000genome-chameleon-4ch-250k-001,4,4115990.103981,4117577.919098,4115990.103981,4121406.354670,3579.576084,3581.699906,3579.576084,3586.997566
1000genome-chameleon-4ch-250k-001-hosts-8-multi-makespan-mono,multi-makespan-mono,1000genome-chameleon-4ch-250k-001,8,4124011.150878,4140180.417477,4124011.150878,4169391.501571,1805.436795,1817.849035,1805.436795,1842.506573
1000genome-chameleon-4ch-250k-001-hosts-16-multi-makespan-mono,multi-makespan-mono,1000genome-chameleon-4ch-250k-001,16,4204705.433490,4269900.957517,4204705.433490,4318877.923231,968.287813,988.043212,968.287813,1004.751138
1000genome-chameleon-12ch-250k-001-hosts-2-multi-makespan-mono,multi-makespan-mono,1000genome-chameleon-12ch-250k-001,2,9832859.098892,9834175.401814,9832859.098892,9835399.819410,17100.669828,17103.047513,17100.669828,17105.055040
1000genome-chameleon-12ch-250k-001-hosts-4-multi-makespan-mono,multi-makespan-mono,1000genome-chameleon-12ch-250k-001,4,9836624.630706,9837593.936872,9836624.630706,9838765.485468,8554.206688,8555.899328,8554.206688,8559.560216
1000genome-chameleon-12ch-250k-001-hosts-8-multi-makespan-mono,multi-makespan-mono,1000genome-chameleon-12ch-250k-001,8,9842597.230741,9848331.446919,9842597.230741,9858580.153853,4285.448148,4292.624264,4285.448148,4299.375501
1000genome-chameleon-12ch-250k-001-hosts-16-multi-makespan-mono,multi-makespan-mono,1000genome-chameleon-12ch-250k-001,16,9899994.352347,9920915.903618,9899994.352347,9942442.022988,2176.828545,2185.649842,2176.828545,2191.981193
1000genome-chameleon-18ch-250k-001-hosts-2-multi-makespan-mono,multi-makespan-mono,1000genome-chameleon-18ch-250k-001,2,14906788.252013,14909013.924042,14906788.252013,14911729.227032,25924.962026,25928.798618,25924.962026,25933.516327
1000genome-chameleon-18ch-250k-001-hosts-4-multi-makespan-mono,multi-makespan-mono,1000genome-chameleon-18ch-250k-001,4,14908503.797708,14913252.874447,14908503.797708,14915627.138778,12964.775543,12970.405145,12964.775543,12973.403675
1000genome-chameleon-18ch-250k-001-hosts-8-multi-makespan-mono,multi-makespan-mono,1000genome-chameleon-18ch-250k-001,8,14921211.109387,14936433.244566,14921211.109387,14952654.774175,6498.875801,6508.095490,6498.875801,6517.791314
1000genome-chameleon-18ch-250k-001-hosts-16-multi-makespan-mono,multi-makespan-mono,1000genome-chameleon-18ch-250k-001,16,14943210.095044,14973714.692047,14943210.095044,14996589.846946,3270.367730,3278.369494,3270.367730,3288.396468
cycles-chameleon-1l-1c-9p-001-hosts-2-multi-makespan-mono,multi-makespan-mono,cycles-chameleon-1l-1c-9p-001,2,281375.157502,288267.757330,281375.157502,289036.568109,502.660896,502.675580,502.660896,502.681215
cycles-chameleon-1l-1c-9p-001-hosts-4-multi-makespan-mono,multi-makespan-mono,cycles-chameleon-1l-1c-9p-001,4,288853.927707,291014.265180,288853.927707,293120.129197,261.038190,262.343848,261.038190,263.630039
cycles-chameleon-1l-1c-9p-001-hosts-8-multi-makespan-mono,multi-makespan-mono,cycles-chameleon-1l-1c-9p-001,8,318681.694378,324137.044816,318681.694378,333705.684615,196.934440,198.911304,196.934440,201.656578
cycles-chameleon-1l-1c-9p-001-hosts-16-multi-makespan-mono,multi-makespan-mono,cycles-chameleon-1l-1c-9p-001,16,395006.877148,407987.373096,395006.877148,416886.886020,168.132844,168.710428,168.132844,169.580203
cycles-chameleon-2l-1c-9p-001-hosts-2-multi-makespan-mono,multi-makespan-mono,cycles-chameleon-2l-1c-9p-001,2,1227799.735229,1227803.898729,1227799.735229,1227806.445414,2135.304577,2135.311859,2135.304577,2135.317344
cycles-chameleon-2l-1c-9p-001-hosts-4-multi-makespan-mono,multi-makespan-mono,cycles-chameleon-2l-1c-9p-001,4,1227837.362303,1228196.747650,1227837.362303,1228664.472535,1067.822381,1068.518731,1067.822381,1069.534187
cycles-chameleon-2l-1c-9p-001-hosts-8-multi-makespan-mono,multi-makespan-mono,cycles-chameleon-2l-1c-9p-001,8,1229417.864077,1242084.467624,1229417.864077,1268571.202118,537.709562,553.765720,537.709562,598.813385
cycles-chameleon-2l-1c-9p-001-hosts-16-multi-makespan-mono,multi-makespan-mono,cycles-chameleon-2l-1c-9p-001,16,1278883.945975,1301101.191991,1278883.945975,1335296.791385,307.480893,327.662540,307.480893,356.944440
cycles-chameleon-2l-1c-12p-001-hosts-2-multi-makespan-mono,multi-makespan-mono,cycles-chameleon-2l-1c-12p-001,2,2782312.964413,2782326.316528,2782312.964413,2782341.630730,4838.805416,4838.831320,4838.805416,4838.855147
cycles-chameleon-2l-1c-12p-001-hosts-4-multi-makespan-mono,multi-makespan-mono,cycles-chameleon-2l-1c-12p-001,4,2783670.110704,2798200.377086,2783670.110704,2813383.257381,2426.033075,2463.369534,2426.033075,2493.374407
cycles-chameleon-2l-1c-12p-001-hosts-8-multi-makespan-mono,multi-makespan-mono,cycles-chameleon-2l-1c-12p-001,8,2820652.471857,2837476.812112,2820652.471857,2856971.190244,1276.199042,1296.024968,1276.199042,1326.090203
cycles-chameleon-2l-1c-12p-001-hosts-16-multi-makespan-mono,multi-makespan-mono,cycles-chameleon-2l-1c-12p-001,16,2940176.953342,2956662.927251,2940176.953342,2975215.748836,732.742880,742.619087,732.742880,751.192199
cycles-chameleon-5l-1c-12p-001-hosts-2-multi-makespan-mono,multi-makespan-mono,cycles-chameleon-5l-1c-12p-001,2,5312198.004761,5331649.949422,5312198.004761,5345383.221370,9238.801839,9292.643465,9238.801839,9330.474681
cycles-chameleon-5l-1c-12p-001-hosts-4-multi-makespan-mono,multi-makespan-mono,cycles-chameleon-5l-1c-12p-001,4,5327373.616091,5357987.341294,5327373.616091,5376892.912350,4647.045520,4731.457690,4647.045520,4786.039473
cycles-chameleon-5l-1c-12p-001-hosts-8-multi-makespan-mono,multi-makespan-mono,cycles-chameleon-5l-1c-12p-001,8,5402089.883368,5432536.097544,5402089.883368,5460042.985390,2444.301347,2487.616024,2444.301347,2527.448634
cycles-chameleon-5l-1c-12p-001-hosts-16-multi-makespan-mono,multi-makespan-mono,cycles-chameleon-5l-1c-12p-001,16,5559636.818296,5611359.125778,5559636.818296,5645194.943034,1385.218851,1404.216387,1385.218851,1417.814111
epigenomics-chameleon-hep-1seq-100k-001-hosts-2-multi-makespan-mono,multi-makespan-mono,epigenomics-chameleon-hep-1seq-100k-001,2,188043.546850,188073.832274,188043.546850,188123.242974,333.836233,333.886905,333.836233,333.985599
epigenomics-chameleon-hep-1seq-100k-001-hosts-4-multi-makespan-mono,multi-makespan-mono,epigenomics-chameleon-hep-1seq-100k-001,4,193748.582066,193877.898394,193748.582066,194000.078695,197.540608,198.199586,197.540608,199.300152
epigenomics-chameleon-hep-1seq-100k-001-hosts-8-multi-makespan-mono,multi-makespan-mono,epigenomics-chameleon-hep-1seq-100k-001,8,192719.745437,199554.373782,192719.745437,208320.432434,130.271203,130.288582,130.271203,130.299394
epigenomics-chameleon-hep-1seq-100k-001-hosts-16-multi-makespan-mono,multi-makespan-mono,epigenomics-chameleon-hep-1seq-100k-001,16,208041.387174,231931.316804,208041.387174,248357.280091,105.702907,105.716797,105.702907,105.782459
epigenomics-chameleon-hep-6seq-100k-001-hosts-2-multi-makespan-mono,multi-makespan-mono,epigenomics-chameleon-hep-6seq-100k-001,2,4446801.102897,4447135.704436,4446801.102897,4447481.615892,7744.550889,7745.082589,7744.550889,7745.583079
epigenomics-chameleon-hep-6seq-100k-001-hosts-4-multi-makespan-mono,multi-makespan-mono,epigenomics-chameleon-hep-6seq-100k-001,4,4458831.192852,4459459.395276,4458831.192852,4460207.362437,3910.253474,3910.887967,3910.253474,3912.045816
epigenomics-chameleon-hep-6seq-100k-001-hosts-8-multi-makespan-mono,multi-makespan-mono,epigenomics-chameleon-hep-6seq-100k-001,8,4489657.084082,4491742.027542,4489657.084082,4494506.304172,2001.692334,2003.317818,2001.692334,2005.169411
epigenomics-chameleon-hep-6seq-100k-001-hosts-16-multi-makespan-mono,multi-makespan-mono,epigenomics-chameleon-hep-6seq-100k-001,16,4565812.967165,4574875.303462,4565812.967165,4586410.575384,1059.008579,1062.957411,1059.008579,1068.039068
epigenomics-chameleon-ilmn-1seq-100k-001-hosts-2-multi-makespan-mono,multi-makespan-mono,epigenomics-chameleon-ilmn-1seq-100k-001,2,873368.284595,873447.884275,873368.284595,873553.322707,1526.229932,1526.351718,1526.229932,1526.539552
epigenomics-chameleon-ilmn-1seq-100k-001-hosts-4-multi-makespan-mono,multi-makespan-mono,epigenomics-chameleon-ilmn-1seq-100k-001,4,880384.643902,880871.598240,880384.643902,881327.101433,787.657897,788.166955,787.657897,788.625991
epigenomics-chameleon-ilmn-1seq-100k-001-hosts-8-multi-makespan-mono,multi-makespan-mono,epigenomics-chameleon-ilmn-1seq-100k-001,8,875483.932663,895632.184897,875483.932663,900208.372174,419.597892,421.658211,419.597892,423.385738
epigenomics-chameleon-ilmn-1seq-100k-001-hosts-16-multi-makespan-mono,multi-makespan-mono,epigenomics-chameleon-ilmn-1seq-100k-001,16,930272.802805,944026.507227,930272.802805,950134.380914,252.204572,253.584720,252.204572,255.350624
epigenomics-chameleon-ilmn-6seq-100k-001-hosts-2-multi-makespan-mono,multi-makespan-mono,epigenomics-chameleon-ilmn-6seq-100k-001,2,3928311.612592,3929014.596532,3928311.612592,3929473.486448,6846.747928,6847.917163,6846.747928,6848.803611
epigenomics-chameleon-ilmn-6seq-100k-001-hosts-4-multi-makespan-mono,multi-makespan-mono,epigenomics-chameleon-ilmn-6seq-100k-001,4,3946251.940150,3946795.233737,3946251.940150,3947126.011981,3476.044282,3476.923319,3476.044282,3477.492676
epigenomics-chameleon-ilmn-6seq-100k-001-hosts-8-multi-makespan-mono,multi-makespan-mono,epigenomics-chameleon-ilmn-6seq-100k-001,8,3992419.840228,3994383.807007,3992419.840228,3997062.862568,1801.068677,1803.227376,1801.068677,1805.561156
epigenomics-chameleon-ilmn-6seq-100k-001-hosts-16-multi-makespan-mono,multi-makespan-mono,epigenomics-chameleon-ilmn-6seq-100k-001,16,4099585.023085,4106369.936558,4099585.023085,4111908.310991,981.014392,982.817430,981.014392,984.185507
montage-chameleon-2mass-01d-001-hosts-2-multi-makespan-mono,multi-makespan-mono,montage-chameleon-2mass-01d-001,2,122768.019576,122872.665508,122768.019576,122990.471653,213.556067,213.724531,213.556067,213.949598
montage-chameleon-2mass-01d-001-hosts-4-multi-makespan-mono,multi-makespan-mono,montage-chameleon-2mass-01d-001,4,125211.559189,125577.772376,125211.559189,126438.009405,113.661277,114.632774,113.661277,114.955864
montage-chameleon-2mass-01d-001-hosts-8-multi-makespan-mono,multi-makespan-mono,montage-chameleon-2mass-01d-001,8,133065.545429,133769.378332,133065.545429,134879.674276,66.915747,67.182872,66.915747,67.414298
montage-chameleon-2mass-01d-001-hosts-16-multi-makespan-mono,multi-makespan-mono,montage-chameleon-2mass-01d-001,16,137721.883563,138597.680798,137721.883563,139123.109281,36.378353,36.401138,36.378353,36.414282
montage-chameleon-2mass-005d-001-hosts-2-multi-makespan-mono,multi-makespan-mono,montage-chameleon-2mass-005d-001,2,74765.543731,74820.119795,74765.543731,74839.281916,130.027139,130.131958,130.027139,130.180831
montage-chameleon-2mass-005d-001-hosts-4-multi-makespan-mono,multi-makespan-mono,montage-chameleon-2mass-005d-001,4,76766.729018,78269.434974,76766.729018,78940.038468,70.263294,70.777103,70.263294,71.257360
montage-chameleon-2mass-005d-001-hosts-8-multi-makespan-mono,multi-makespan-mono,montage-chameleon-2mass-005d-001,8,79752.480011,80638.803509,79752.480011,81165.687419,37.201341,37.512260,37.201341,37.719431
montage-chameleon-2mass-005d-001-hosts-16-multi-makespan-mono,multi-makespan-mono,montage-chameleon-2mass-005d-001,16,91952.244121,92509.745914,91952.244121,92786.550738,26.214033,26.214518,26.214033,26.215646
montage-chameleon-dss-10d-001-hosts-2-multi-makespan-mono,multi-makespan-mono,montage-chameleon-dss-10d-001,2,12509510.309176,12514449.794320,12509510.309176,12518651.923912,21755.797269,21764.664121,21755.797269,21771.904817
montage-chameleon-dss-10d-001-hosts-4-multi-makespan-mono,multi-makespan-mono,montage-chameleon-dss-10d-001,4,12554435.844395,12558536.230498,12554435.844395,12562162.613793,10924.928886,10928.653907,10924.928886,10930.921069
montage-chameleon-dss-10d-001-hosts-8-multi-makespan-mono,multi-makespan-mono,montage-chameleon-dss-10d-001,8,12594005.176326,12605592.092897,12594005.176326,12616941.522822,5496.014319,5504.203381,5496.014319,5523.435926
montage-chameleon-dss-10d-001-hosts-16-multi-makespan-mono,multi-makespan-mono,montage-chameleon-dss-10d-001,16,12977517.179515,13107295.910023,12977517.179515,13359991.517020,3001.197551,3053.639956,3001.197551,3106.188787
montage-chameleon-dss-125d-001-hosts-2-multi-makespan-mono,multi-makespan-mono,montage-chameleon-dss-125d-001,2,12590767.164804,12595467.984427,12590767.164804,12599491.980232,21897.163158,21905.470540,21897.163158,21912.630449
montage-chameleon-dss-125d-001-hosts-4-multi-makespan-mono,multi-makespan-mono,montage-chameleon-dss-125d-001,4,12680882.060651,12687231.118225,12680882.060651,12693814.228153,11035.284607,11040.081608,11035.284607,11044.917049
montage-chameleon-dss-125d-001-hosts-8-multi-makespan-mono,multi-makespan-mono,montage-chameleon-dss-125d-001,8,12759219.267645,12768287.421217,12759219.267645,12780206.451820,5569.394398,5573.635664,5569.394398,5577.449328
montage-chameleon-dss-125d-001-hosts-16-multi-makespan-mono,multi-makespan-mono,montage-chameleon-dss-125d-001,16,12525626.463977,12911869.320422,12525626.463977,13016847.301080,2861.094705,2912.634320,2861.094705,2944.810922
seismology-chameleon-100p-001-hosts-2-multi-makespan-mono,multi-makespan-mono,seismology-chameleon-100p-001,2,24078.299975,24078.335214,24078.299975,24078.379059,41.889396,41.889595,41.889396,41.889794
seismology-chameleon-100p-001-hosts-4-multi-makespan-mono,multi-makespan-mono,seismology-chameleon-100p-001,4,24091.256592,24093.966762,24091.256592,24096.651887,20.997623,21.000330,20.997623,21.007521
seismology-chameleon-100p-001-hosts-8-multi-makespan-mono,multi-makespan-mono,seismology-chameleon-100p-001,8,23803.713335,24144.422403,23803.713335,24242.184772,10.597278,10.622617,10.597278,10.648808
seismology-chameleon-100p-001-hosts-16-multi-makespan-mono,multi-makespan-mono,seismology-chameleon-100p-001,16,24321.192748,24553.502820,24321.192748,24770.491432,5.433851,5.569501,5.433851,5.686806
seismology-chameleon-500p-001-hosts-2-multi-makespan-mono,multi-makespan-mono,seismology-chameleon-500p-001,2,96470.208838,96470.248426,96470.208838,96470.276060,167.807403,167.807468,167.807403,167.807538
seismology-chameleon-500p-001-hosts-4-multi-makespan-mono,multi-makespan-mono,seismology-chameleon-500p-001,4,96502.879396,96504.717174,96502.879396,96509.399944,84.018422,84.020930,84.018422,84.026562
seismology-chameleon-500p-001-hosts-8-multi-makespan-mono,multi-makespan-mono,seismology-chameleon-500p-001,8,96582.285246,96607.274480,96582.285246,96633.377777,42.153437,42.165489,42.153437,42.181792
seismology-chameleon-500p-001-hosts-16-multi-makespan-mono,multi-makespan-mono,seismology-chameleon-500p-001,16,96969.422653,97046.596451,96969.422653,97279.209927,21.333650,21.386036,21.333650,21.441540
seismology-chameleon-700p-001-hosts-2-multi-makespan-mono,multi-makespan-mono,seismology-chameleon-700p-001,2,121097.721885,121097.801326,121097.721885,121097.861962,210.648830,210.648939,210.648830,210.649021
seismology-chameleon-700p-001-hosts-4-multi-makespan-mono,multi-makespan-mono,seismology-chameleon-700p-001,4,121141.404379,121142.718894,121141.404379,121143.999868,105.477733,105.479250,105.477733,105.482261
seismology-chameleon-700p-001-hosts-8-multi-makespan-mono,multi-makespan-mono,seismology-chameleon-700p-001,8,121228.736711,121269.822792,121228.736711,121312.802299,52.926190,52.943519,52.926190,52.962832
seismology-chameleon-700p-001-hosts-16-multi-makespan-mono,multi-makespan-mono,seismology-chameleon-700p-001,16,121552.569533,121663.112291,121552.569533,121743.462687,26.724191,26.765457,26.724191,26.793208
seismology-chameleon-1000p-001-hosts-2-multi-makespan-mono,multi-makespan-mono,seismology-chameleon-1000p-001,2,180290.961389,180291.254204,180290.961389,180291.509225,313.608286,313.609083,313.608286,313.609567
seismology-chameleon-1000p-001-hosts-4-multi-makespan-mono,multi-makespan-mono,seismology-chameleon-1000p-001,4,180350.253419,180352.142552,180350.253419,180354.162025,157.008716,157.011286,157.008716,157.014131
seismology-chameleon-1000p-001-hosts-8-multi-makespan-mono,multi-makespan-mono,seismology-chameleon-1000p-001,8,180471.162503,180485.839573,180471.162503,180503.482594,78.731155,78.747473,78.731155,78.760990
seismology-chameleon-1000p-001-hosts-16-multi-makespan-mono,multi-makespan-mono,seismology-chameleon-1000p-001,16,180879.536862,180986.963507,180879.536862,181054.074490,39.672248,39.726963,39.672248,39.765256
soykb-chameleon-10fastq-10ch-001-hosts-2-multi-makespan-mono,multi-makespan-mono,soykb-chameleon-10fastq-10ch-001,2,4079252.038263,4080018.528464,4079252.038263,4080964.165081,7100.833211,7102.191240,7100.833211,7103.610233
soykb-chameleon-10fastq-10ch-001-hosts-4-multi-makespan-mono,multi-makespan-mono,soykb-chameleon-10fastq-10ch-001,4,4562431.853073,4596758.374454,4562431.853073,4625389.805073,4841.853257,4846.692975,4841.853257,4854.980067
soykb-chameleon-10fastq-10ch-001-hosts-8-multi-makespan-mono,multi-makespan-mono,soykb-chameleon-10fastq-10ch-001,8,5402641.827116,5432348.963292,5402641.827116,5463688.511093,3772.039498,3782.444916,3772.039498,3797.774182
soykb-chameleon-10fastq-10ch-001-hosts-16-multi-makespan-mono,multi-makespan-mono,soykb-chameleon-10fastq-10ch-001,16,6996894.283381,7033819.311762,6996894.283381,7066724.577400,3254.587084,3265.894495,3254.587084,3285.968082
soykb-chameleon-10fastq-20ch-001-hosts-2-multi-makespan-mono,multi-makespan-mono,soykb-chameleon-10fastq-20ch-001,2,8969333.627437,8973656.479115,8969333.627437,8999710.317972,16185.215015,16195.718748,16185.215015,16266.111246
soykb-chameleon-10fastq-20ch-001-hosts-4-multi-makespan-mono,multi-makespan-mono,soykb-chameleon-10fastq-20ch-001,4,10149879.555710,10186994.929940,10149879.555710,10210453.158906,11811.492028,11816.458956,11811.492028,11821.804507
soykb-chameleon-10fastq-20ch-001-hosts-8-multi-makespan-mono,multi-makespan-mono,soykb-chameleon-10fastq-20ch-001,8,12301921.643822,12352868.789543,12301921.643822,12400465.373117,9692.297197,9701.035459,9692.297197,9729.452776
soykb-chameleon-10fastq-20ch-001-hosts-16-multi-makespan-mono,multi-makespan-mono,soykb-chameleon-10fastq-20ch-001,16,16478506.849357,16533645.359420,16478506.849357,16592594.589953,8648.124547,8661.201188,8648.124547,8670.772728
soykb-chameleon-30fastq-10ch-001-hosts-2-multi-makespan-mono,multi-makespan-mono,soykb-chameleon-30fastq-10ch-001,2,12052454.186325,12054808.162023,12052454.186325,12056752.189517,21352.165943,21356.208068,21352.165943,21359.529192
soykb-chameleon-30fastq-10ch-001-hosts-4-multi-makespan-mono,multi-makespan-mono,soykb-chameleon-30fastq-10ch-001,4,13191867.161125,13276925.153684,13191867.161125,13320551.375116,14047.951575,14052.178928,14047.951575,14061.959656
soykb-chameleon-30fastq-10ch-001-hosts-8-multi-makespan-mono,multi-makespan-mono,soykb-chameleon-30fastq-10ch-001,8,15156858.116398,15204132.638524,15156858.116398,15270173.130188,10402.473656,10426.663772,10402.473656,10445.849917
soykb-chameleon-30fastq-10ch-001-hosts-16-multi-makespan-mono,multi-makespan-mono,soykb-chameleon-30fastq-10ch-001,16,19060562.311085,19090906.412329,19060562.311085,19139346.258259,8603.441680,8627.607919,8603.441680,8645.437418
soykb-chameleon-40fastq-20ch-001-hosts-2-multi-makespan-mono,multi-makespan-mono,soykb-chameleon-40fastq-20ch-001,2,34731636.146780,34734606.836796,34731636.146780,34737366.397561,63772.630161,63778.165684,63772.630161,63782.763475
soykb-chameleon-40fastq-20ch-001-hosts-4-multi-makespan-mono,multi-makespan-mono,soykb-chameleon-40fastq-20ch-001,4,39555783.108189,39713310.330680,39555783.108189,39765772.513057,47865.699357,47878.142337,47865.699357,47887.980365
soykb-chameleon-40fastq-20ch-001-hosts-8-multi-makespan-mono,multi-makespan-mono,soykb-chameleon-40fastq-20ch-001,8,48301643.810134,48547532.937752,48301643.810134,48655974.227045,39937.294729,39970.000706,39937.294729,40009.394356
soykb-chameleon-40fastq-20ch-001-hosts-16-multi-makespan-mono,multi-makespan-mono,soykb-chameleon-40fastq-20ch-001,16,65824571.105623,65988289.799974,65824571.105623,66120900.455394,35989.287836,36008.903691,35989.287836,36022.253138
srasearch-chameleon-10a-005-hosts-2-multi-makespan-mono,multi-makespan-mono,srasearch-chameleon-10a-005,2,2008986.309937,2029929.660774,2008986.309937,2041975.263356,3548.185568,3550.607028,3548.185568,3552.899162
srasearch-chameleon-10a-005-hosts-4-multi-makespan-mono,multi-makespan-mono,srasearch-chameleon-10a-005,4,1875475.498659,2016026.971410,1875475.498659,2056878.858562,1786.038616,1788.437783,1786.038616,1792.858089
srasearch-chameleon-10a-005-hosts-8-multi-makespan-mono,multi-makespan-mono,srasearch-chameleon-10a-005,8,1932552.805138,1970373.606162,1932552.805138,2117209.243631,967.871404,967.871404,967.871404,967.871404
srasearch-chameleon-10a-005-hosts-16-multi-makespan-mono,multi-makespan-mono,srasearch-chameleon-10a-005,16,2056833.043925,2749940.948185,2056833.043925,2871338.615478,861.235324,861.235327,861.235324,861.235329
srasearch-chameleon-20a-003-hosts-2-multi-makespan-mono,multi-makespan-mono,srasearch-chameleon-20a-003,2,9752131.498084,10585067.566192,9752131.498084,10705630.552523,18613.652854,18617.533961,18613.652854,18621.506496
srasearch-chameleon-20a-003-hosts-4-multi-makespan-mono,multi-makespan-mono,srasearch-chameleon-20a-003,4,10618255.241569,10704628.946305,10618255.241569,10727580.782415,9318.974163,9327.124876,9318.974163,9332.376601
srasearch-chameleon-20a-003-hosts-8-multi-makespan-mono,multi-makespan-mono,srasearch-chameleon-20a-003,8,10860089.669946,10912123.439992,10860089.669946,10987562.139374,4847.140853,4935.971765,4847.140853,4987.848977
srasearch-chameleon-20a-003-hosts-16-multi-makespan-mono,multi-makespan-mono,srasearch-chameleon-20a-003,16,12360001.230306,12742595.837360,12360001.230306,13102199.721151,3962.516383,3962.516391,3962.516383,3962.516394
srasearch-chameleon-40a-003-hosts-2-multi-makespan-mono,multi-makespan-mono,srasearch-chameleon-40a-003,2,12552587.457853,12703680.997563,12552587.457853,12724851.870546,22115.754692,22123.372530,22115.754692,22132.281700
srasearch-chameleon-40a-003-hosts-4-multi-makespan-mono,multi-makespan-mono,srasearch-chameleon-40a-003,4,12747337.208136,12751051.251242,12747337.208136,12756594.432574,11089.203833,11092.415832,11089.203833,11095.878857
srasearch-chameleon-40a-003-hosts-8-multi-makespan-mono,multi-makespan-mono,srasearch-chameleon-40a-003,8,12766807.079633,12783993.518038,12766807.079633,12800681.372308,5563.568435,5571.784838,5563.568435,5583.716559
srasearch-chameleon-40a-003-hosts-16-multi-makespan-mono,multi-makespan-mono,srasearch-chameleon-40a-003,16,13044099.444080,13244450.566014,13044099.444080,13359073.803852,2954.644726,3085.824796,2954.644726,3165.534231
srasearch-chameleon-50a-003-hosts-2-multi-makespan-mono,multi-makespan-mono,srasearch-chameleon-50a-003,2,18874375.300101,19396333.499966,18874375.300101,19459971.403813,33826.005711,33834.470563,33826.005711,33843.441973
srasearch-chameleon-50a-003-hosts-4-multi-makespan-mono,multi-makespan-mono,srasearch-chameleon-50a-003,4,19484206.095678,19490353.834041,19484206.095678,19498432.305382,16947.764609,16952.558328,16947.764609,16957.562757
srasearch-chameleon-50a-003-hosts-8-multi-makespan-mono,multi-makespan-mono,srasearch-chameleon-50a-003,8,19514563.245630,19535510.146396,19514563.245630,19558989.560167,8494.069578,8513.572860,8494.069578,8541.921712
srasearch-chameleon-50a-003-hosts-16-multi-makespan-mono,multi-makespan-mono,srasearch-chameleon-50a-003,16,19635639.584076,20129500.580769,19635639.584076,20577041.800834,4368.103342,4642.952901,4368.103342,4818.675030
